year,ltla,ppln_ltla,patients_from_ltla_to_trust,total_patients_of_ltla,tfp_ltla,etc_ltla,total_trust_patients,ltla_frac_tp
2012,E06000046,122787,17049,24757,0.6886537141010624,84557.72359332714,17049,1.0
2013,E06000046,122550,30827,38859,0.7933039965001673,97219.40477109548,30827,1.0
2014,E06000046,123044,42474,51005,0.8327418880501911,102463.89287324772,42474,1.0
2015,E06000046,123306,43400,52336,0.8292571079180678,102252.37694894528,43400,1.0
2016,E06000046,123763,44481,53962,0.8243022867944109,102018.12392053667,44481,1.0
2017,E06000046,124479,45652,55527,0.8221585895150108,102341.47906423904,45652,1.0
2018,E06000046,125209,46666,56882,0.8204001265778278,102721.47944868324,46666,1.0
2019,E06000046,125578,46622,57047,0.8172559468508422,102629.36729363506,46622,1.0
