year,ltla,ppln_ltla,patients_from_ltla_to_trust,total_patients_of_ltla,tfp_ltla,etc_ltla,total_trust_patients,ltla_frac_tp
2019,E06000054,500024,94,186767,0.0005033009043353483,251.66253138937824,81113,0.0011588771220396234
2019,E06000058,395331,1076,190344,0.005652923128651285,2234.775753372841,81113,0.013265444503347185
2019,E06000059,378508,76832,175827,0.4369749810893663,165398.52614217385,81113,0.9472217770271104
2019,E07000040,146284,784,57383,0.013662582994963665,1998.6172908352648,81113,0.00966552833701133
2019,E07000091,180086,62,71998,0.0008611350315286536,155.07836328786908,81113,0.0007643657613452838
2019,E07000187,115587,134,34868,0.003843065274750488,444.2083859125846,81113,0.0016520163229075484
2019,E07000188,123178,9,16066,0.0005601892194696875,69.00298767583719,81113,0.00011095632019528313
2019,E07000189,168345,2122,55650,0.038131176999101526,6419.1929919137465,81113,0.02616103460604342
