year,ltla,ppln_ltla,patients_from_ltla_to_trust,total_patients_of_ltla,tfp_ltla,etc_ltla,total_trust_patients,ltla_frac_tp
2019,E06000011,341173,8,139809,5.722092283043294e-05,19.522233904827303,102826,7.780133429288313e-05
2019,E07000169,90620,22,35759,0.0006152297323750664,55.75211834782852,102826,0.0002139536693054286
2019,E08000016,246866,88936,118137,0.7528208774558351,185845.8787340122,102826,0.8649174333339816
2019,E08000017,311890,624,135492,0.0046054379594367215,1436.3900451687186,102826,0.006068504074844884
2019,E08000018,265411,2758,119467,0.023085873086291613,6127.244661705743,102826,0.026822009997471457
2019,E08000019,584853,1075,228811,0.004698200698392997,2747.756773057239,102826,0.010454554295606171
2019,E08000034,439787,4814,167988,0.0286568088196776,12602.89198037955,102826,0.04681695291074242
2019,E08000035,793139,53,284094,0.0001865579702492837,147.9664019655466,102826,0.0005154338396903507
2019,E08000036,348312,4536,137039,0.033100066404454204,11529.150329468252,102826,0.04411335654406473
