year,ltla,ppln_ltla,patients_from_ltla_to_trust,total_patients_of_ltla,tfp_ltla,etc_ltla,total_trust_patients,ltla_frac_tp
2012,E06000046,138826,17049,24757,0.6886537141010624,95603.04051379408,17049,1.0
2013,E06000046,138555,30827,38859,0.7933039965001673,109916.23523508069,30827,1.0
2014,E06000046,139332,42474,51005,0.8327418880501911,116027.59274580926,42474,1.0
2015,E06000046,139763,43400,52336,0.8292571079180678,115899.46117395294,43400,1.0
2016,E06000046,140264,44481,53962,0.8243022867944109,115619.93595493125,44481,1.0
2017,E06000046,140984,45652,55527,0.8221585895150108,115911.20658418427,45652,1.0
2018,E06000046,141538,46666,56882,0.8204001265778278,116117.7931155726,46666,1.0
2019,E06000046,141771,46622,57047,0.8172559468508422,115863.19284099074,46622,1.0
